{"cameraMode":{"drawMode":0,"name":"Shaded","section":"Shading Mode"},"sceneLighting":true,"audioPlay":false,"sceneViewState":{"m_AlwaysRefresh":false,"showFog":true,"showSkybox":true,"showFlares":true,"showImageEffects":true,"showParticleSystems":true,"showVisualEffectGraphs":true,"m_FxEnabled":true},"in2DMode":false,"pivot":{"x":-0.11118203401565552,"y":0.7246260643005371,"z":1.5596407651901246},"rotation":{"x":-0.13827501237392426,"y":-0.8342714905738831,"z":0.2422647327184677,"w":-0.47625449299812319},"size":0.36686694622039797,"orthographic":false}