{"cameraMode":{"drawMode":0,"name":"Shaded","section":"Shading Mode"},"sceneLighting":true,"audioPlay":false,"sceneViewState":{"m_AlwaysRefresh":false,"showFog":true,"showSkybox":true,"showFlares":true,"showImageEffects":true,"showParticleSystems":true,"showVisualEffectGraphs":true,"m_FxEnabled":true},"in2DMode":false,"pivot":{"x":-190.4419708251953,"y":-102.30530548095703,"z":286.63153076171877},"rotation":{"x":0.14117993414402009,"y":-0.2986394762992859,"z":0.044875774532556537,"w":0.9433676600456238},"size":176.99522399902345,"orthographic":false}