{"cameraMode":{"drawMode":0,"name":"Shaded","section":"Shading Mode"},"sceneLighting":true,"audioPlay":false,"sceneViewState":{"m_AlwaysRefresh":false,"showFog":true,"showSkybox":true,"showFlares":true,"showImageEffects":true,"showParticleSystems":true,"showVisualEffectGraphs":true,"m_FxEnabled":true},"in2DMode":false,"pivot":{"x":-89.36619567871094,"y":-77.22457885742188,"z":346.2963562011719},"rotation":{"x":0.10986237972974777,"y":-0.13139782845973969,"z":0.015405003912746907,"w":0.9856299161911011},"size":178.07484436035157,"orthographic":false}