{"cameraMode":{"drawMode":0,"name":"Shaded","section":"Shading Mode"},"sceneLighting":true,"audioPlay":false,"sceneViewState":{"m_AlwaysRefresh":false,"showFog":true,"showSkybox":true,"showFlares":true,"showImageEffects":true,"showParticleSystems":true,"showVisualEffectGraphs":true,"m_FxEnabled":true},"in2DMode":false,"pivot":{"x":1.911895751953125,"y":5.693822860717773,"z":1.6897003650665284},"rotation":{"x":-0.10388311743736267,"y":0.16847841441631318,"z":-0.0180981308221817,"w":-0.9804109334945679},"size":0.36686694622039797,"orthographic":false}